{"stats":{"minecraft:killed_by":{"minecraft:drowned":2,"minecraft:skeleton":2,"minecraft:creeper":1},"minecraft:crafted":{"minecraft:wooden_sword":1,"minecraft:oak_planks":20,"minecraft:crafting_table":1,"minecraft:stick":8,"minecraft:iron_ingot":2,"minecraft:wooden_pickaxe":1,"minecraft:stone_pickaxe":1,"minecraft:stone_sword":1,"minecraft:furnace":1,"minecraft:stone_axe":1,"minecraft:jungle_planks":284},"minecraft:dropped":{"minecraft:melon_slice":1},"minecraft:picked_up":{"minecraft:cocoa_beans":3,"minecraft:stick":5,"minecraft:raw_iron":2,"minecraft:magma_block":10,"minecraft:jungle_log":71,"minecraft:jungle_planks":8,"minecraft:oak_log":5,"minecraft:diorite":2,"minecraft:carrot":1,"minecraft:dirt":1,"minecraft:arrow":2,"minecraft:bone":3,"minecraft:rotten_flesh":12,"minecraft:wheat_seeds":3,"tombstone:bag_of_seeds":1,"minecraft:oak_sapling":10,"minecraft:melon_slice":30,"minecraft:coal":44,"minecraft:cobblestone":35,"minecraft:furnace":1},"minecraft:mined":{"minecraft:magma_block":13,"minecraft:furnace":1,"minecraft:iron_ore":3,"minecraft:fire":1,"minecraft:jungle_leaves":35,"minecraft:jungle_planks":8,"minecraft:vine":30,"minecraft:grass":9,"minecraft:grass_block":2,"minecraft:oak_log":5,"minecraft:coal_ore":44,"minecraft:melon":5,"minecraft:jungle_log":72,"minecraft:stone":35,"minecraft:diorite":2,"minecraft:oak_leaves":6,"minecraft:fern":2},"minecraft:broken":{"minecraft:stone_axe":1},"minecraft:killed":{"minecraft:skeleton":4,"minecraft:zombie":6,"minecraft:drowned":3},"minecraft:custom":{"minecraft:time_since_rest":1427,"minecraft:interact_with_furnace":7,"minecraft:sprint_one_cm":115062,"minecraft:damage_taken":1525,"minecraft:walk_one_cm":178268,"minecraft:mob_kills":15,"minecraft:drop":1,"minecraft:damage_dealt":2804,"minecraft:swim_one_cm":109672,"minecraft:interact_with_crafting_table":3,"minecraft:fly_one_cm":111740,"minecraft:open_chest":1,"tombstone:undead_killed":13,"minecraft:crouch_one_cm":78,"minecraft:play_time":50568,"minecraft:deaths":5,"minecraft:sneak_time":63,"minecraft:walk_under_water_one_cm":13650,"minecraft:jump":786,"minecraft:leave_game":3,"minecraft:walk_on_water_one_cm":11848,"minecraft:time_since_death":2224,"minecraft:climb_one_cm":19180,"minecraft:total_world_time":50568,"minecraft:fall_one_cm":12812},"minecraft:used":{"minecraft:stone_sword":76,"minecraft:flint_and_steel":1,"minecraft:melon_slice":23,"minecraft:stone_pickaxe":69,"minecraft:wooden_pickaxe":16,"minecraft:stone_axe":135,"minecraft:magma_block":1,"minecraft:crafting_table":1,"minecraft:furnace":1,"minecraft:jungle_planks":190,"tombstone:gift":3,"minecraft:golden_pickaxe":15}},"DataVersion":3465}