{"stats":{"minecraft:killed_by":{"minecraft:creeper":1},"minecraft:crafted":{"minecraft:wooden_sword":1,"minecraft:oak_planks":20,"minecraft:crafting_table":1,"minecraft:stick":8,"minecraft:wooden_pickaxe":1,"minecraft:stone_pickaxe":1,"minecraft:stone_sword":1,"minecraft:furnace":1,"minecraft:stone_axe":1},"minecraft:used":{"minecraft:stone_sword":2,"minecraft:flint_and_steel":1,"minecraft:melon_slice":5,"minecraft:stone_pickaxe":28,"minecraft:wooden_pickaxe":16,"minecraft:magma_block":1,"minecraft:crafting_table":1,"tombstone:gift":1,"minecraft:golden_pickaxe":13},"minecraft:picked_up":{"minecraft:magma_block":10,"minecraft:oak_log":5,"minecraft:diorite":2,"minecraft:dirt":1,"minecraft:wheat_seeds":2,"minecraft:melon_slice":30,"minecraft:coal":11,"minecraft:cobblestone":31},"minecraft:mined":{"minecraft:magma_block":13,"minecraft:fire":1,"minecraft:jungle_leaves":1,"minecraft:grass":4,"minecraft:grass_block":2,"minecraft:coal_ore":11,"minecraft:oak_log":5,"minecraft:melon":5,"minecraft:stone":31,"minecraft:diorite":2,"minecraft:oak_leaves":1,"minecraft:fern":1},"minecraft:custom":{"minecraft:time_since_rest":12927,"minecraft:sprint_one_cm":51241,"minecraft:damage_taken":325,"minecraft:walk_one_cm":57830,"minecraft:mob_kills":1,"minecraft:damage_dealt":78,"minecraft:swim_one_cm":35067,"minecraft:interact_with_crafting_table":3,"minecraft:fly_one_cm":44627,"minecraft:open_chest":1,"minecraft:play_time":18848,"minecraft:deaths":1,"minecraft:walk_under_water_one_cm":3710,"minecraft:jump":311,"minecraft:leave_game":2,"minecraft:walk_on_water_one_cm":3226,"minecraft:time_since_death":15195,"minecraft:climb_one_cm":5189,"minecraft:total_world_time":18848,"minecraft:fall_one_cm":4424}},"DataVersion":3465}