{"stats":{"minecraft:killed_by":{"minecraft:skeleton":1,"minecraft:zombie":1,"minecraft:drowned":1},"minecraft:crafted":{"minecraft:cooked_beef":5,"minecraft:oak_planks":44,"minecraft:cooked_porkchop":42,"minecraft:crafting_table":1,"minecraft:wooden_pickaxe":1,"minecraft:cooked_chicken":11,"minecraft:cooked_mutton":8,"minecraft:air":0,"minecraft:stick":12,"minecraft:iron_ingot":5,"minecraft:stone_pickaxe":1,"minecraft:wooden_axe":3},"minecraft:dropped":{"botania:red_mystical_flower":6,"minecraft:cobblestone":1,"minecraft:rotten_flesh":5,"botania:gray_mystical_flower":3,"minecraft:melon_slice":9,"minecraft:bamboo":1,"minecraft:bone":3,"minecraft:redstone":1},"minecraft:picked_up":{"minecraft:cocoa_beans":18,"minecraft:crafting_table":3,"minecraft:feather":5,"minecraft:chicken":11,"minecraft:leather":2,"minecraft:smithing_table":1,"minecraft:oak_log":11,"minecraft:brewing_stand":1,"minecraft:cobblestone_stairs":1,"minecraft:string":4,"create:limestone":2,"minecraft:bone":3,"minecraft:stonecutter":1,"minecraft:grindstone":1,"minecraft:beef":5,"minecraft:lectern":1,"minecraft:melon_slice":35,"minecraft:sugar_cane":25,"minecraft:oak_planks":1,"botania:gray_mystical_flower":3,"minecraft:egg":1,"minecraft:book":12,"minecraft:raw_iron":5,"botania:red_mystical_flower":6,"minecraft:porkchop":42,"minecraft:white_bed":1,"minecraft:redstone":1,"minecraft:mossy_cobblestone":4,"tombstone:scroll_of_true_sight":1,"minecraft:rotten_flesh":5,"minecraft:arrow":11,"minecraft:dispenser":2,"create:track_station":1,"minecraft:hay_block":34,"minecraft:black_wool":1,"minecraft:mutton":8,"minecraft:coal":14,"minecraft:white_wool":5,"minecraft:cobblestone":4},"minecraft:mined":{"minecraft:smithing_table":1,"minecraft:white_bed":1,"minecraft:mossy_cobblestone":2,"botania:red_mystical_flower":2,"minecraft:brewing_stand":1,"minecraft:crafting_table":3,"minecraft:glow_lichen":1,"minecraft:grass_block":2,"minecraft:melon":6,"minecraft:lectern":1,"minecraft:redstone_wire":1,"minecraft:tall_grass":2,"minecraft:grindstone":1,"minecraft:sugar_cane":10,"minecraft:oak_planks":1,"minecraft:hay_block":35,"minecraft:iron_ore":4,"minecraft:bookshelf":4,"minecraft:grass":16,"minecraft:oak_log":11,"minecraft:coal_ore":14,"minecraft:cocoa":6,"minecraft:vine":1,"minecraft:sand":1,"botania:gray_mystical_flower":4,"create:track_station":1,"minecraft:stonecutter":1,"minecraft:stone":4,"minecraft:dispenser":2,"create:limestone":2,"minecraft:oak_leaves":10,"minecraft:tripwire":3,"minecraft:fern":2},"minecraft:broken":{"minecraft:wooden_axe":2},"minecraft:killed":{"minecraft:cat":1,"minecraft:pig":21,"minecraft:sheep":6,"minecraft:zombie":1,"minecraft:chicken":11,"minecraft:cow":3},"minecraft:custom":{"minecraft:interact_with_smithing_table":1,"minecraft:interact_with_furnace":32,"minecraft:mob_kills":43,"minecraft:interact_with_crafting_table":8,"minecraft:bell_ring":12,"minecraft:interact_with_grindstone":1,"minecraft:interact_with_stonecutter":1,"minecraft:leave_game":2,"minecraft:time_since_death":0,"minecraft:sleep_in_bed":3,"minecraft:climb_one_cm":1516,"minecraft:time_since_rest":240,"minecraft:sprint_one_cm":216048,"minecraft:damage_taken":1155,"minecraft:walk_one_cm":139549,"minecraft:drop":12,"minecraft:damage_dealt":3902,"minecraft:talked_to_villager":4,"minecraft:swim_one_cm":30577,"minecraft:fly_one_cm":329480,"minecraft:open_chest":8,"minecraft:crouch_one_cm":2176,"minecraft:deaths":3,"minecraft:play_time":57194,"tombstone:undead_killed":1,"minecraft:sneak_time":687,"minecraft:walk_under_water_one_cm":2947,"minecraft:interact_with_brewingstand":1,"minecraft:jump":1350,"minecraft:walk_on_water_one_cm":7729,"minecraft:total_world_time":57194,"minecraft:fall_one_cm":32106},"minecraft:used":{"minecraft:stone_pickaxe":66,"minecraft:oak_planks":4,"minecraft:wooden_pickaxe":4,"minecraft:iron_sword":22,"minecraft:crafting_table":4,"minecraft:wooden_axe":86,"minecraft:melon_slice":26,"minecraft:cooked_porkchop":5,"minecraft:egg":1}},"DataVersion":3465}