{"stats":{"minecraft:used":{"create:railway_casing":12,"create:track":29,"create:linear_chassis":1,"create:controls":1,"create:schedule":1,"create:track_station":4,"minecraft:grass_block":4,"minecraft:chicken_spawn_egg":2,"minecraft:stone":69,"create:white_seat":2},"minecraft:dropped":{"minecraft:stone":2,"minecraft:apple":1,"minecraft:gunpowder":1,"create:schedule":65,"minecraft:grass_block":1},"minecraft:killed":{"minecraft:creeper":1},"minecraft:custom":{"minecraft:time_since_rest":31509,"minecraft:open_chest":1,"minecraft:crouch_one_cm":456,"minecraft:play_time":31509,"minecraft:sprint_one_cm":11782,"minecraft:damage_taken":30,"minecraft:walk_one_cm":23635,"minecraft:walk_under_water_one_cm":397,"minecraft:sneak_time":294,"minecraft:mob_kills":1,"minecraft:drop":7,"minecraft:jump":152,"minecraft:damage_dealt":218,"minecraft:leave_game":1,"minecraft:time_since_death":31509,"minecraft:walk_on_water_one_cm":430,"minecraft:total_world_time":31509,"minecraft:swim_one_cm":4299,"minecraft:fall_one_cm":1444,"minecraft:fly_one_cm":457307},"minecraft:picked_up":{"minecraft:apple":1,"create:schedule":1,"minecraft:gunpowder":1}},"DataVersion":3465}