{"stats":{"minecraft:dropped":{"minecraft:stone_axe":1,"minecraft:apple":1,"minecraft:grass_block":1,"minecraft:stone":2,"minecraft:gunpowder":1,"create:schedule":65,"minecraft:stone_pickaxe":1,"minecraft:wooden_pickaxe":2},"minecraft:custom":{"minecraft:interact_with_furnace":22,"minecraft:mob_kills":3,"minecraft:interact_with_anvil":12,"minecraft:interact_with_crafting_table":16,"minecraft:leave_game":3,"minecraft:time_since_death":90756,"minecraft:time_since_rest":90756,"minecraft:sprint_one_cm":51075,"minecraft:damage_taken":185,"minecraft:walk_one_cm":96602,"minecraft:drop":11,"minecraft:damage_dealt":619,"minecraft:swim_one_cm":7130,"minecraft:fly_one_cm":543795,"minecraft:open_chest":1,"minecraft:crouch_one_cm":12110,"minecraft:play_time":90756,"tombstone:undead_killed":2,"minecraft:sneak_time":4308,"minecraft:walk_under_water_one_cm":482,"minecraft:jump":573,"minecraft:walk_on_water_one_cm":749,"minecraft:total_world_time":90756,"minecraft:fall_one_cm":12973},"minecraft:mined":{"minecraft:deepslate_redstone_ore":2,"minecraft:crafting_table":1,"minecraft:granite":2,"minecraft:grass_block":3,"minecraft:poppy":1,"minecraft:copper_ore":19,"minecraft:cobblestone":2,"minecraft:deepslate_gold_ore":4,"minecraft:sugar_cane":3,"minecraft:deepslate_copper_ore":6,"minecraft:iron_ore":12,"minecraft:cobbled_deepslate":1,"minecraft:deepslate_lapis_ore":6,"minecraft:oak_log":92,"minecraft:pointed_dripstone":5,"minecraft:coal_ore":16,"minecraft:deepslate_iron_ore":13,"minecraft:dirt":4,"minecraft:stone":34,"minecraft:gold_ore":3,"minecraft:oak_leaves":5,"minecraft:deepslate":2},"minecraft:used":{"create:schedule":1,"create:brass_casing":1,"create:schematic_table":1,"minecraft:stone_pickaxe":87,"minecraft:wooden_pickaxe":3,"minecraft:stone":71,"minecraft:quartz_stairs":2,"create:railway_casing":12,"minecraft:torch":2,"securitycraft:reinforced_quartz_block":98,"minecraft:dirt":7,"minecraft:anvil":2,"create:track_station":4,"minecraft:crafting_table":2,"create:cogwheel":21,"create:track":29,"securitycraft:protecto":2,"create:linear_chassis":1,"create:controls":1,"minecraft:quartz_slab":2,"minecraft:grass_block":4,"minecraft:bread":3,"minecraft:iron_pickaxe":37,"minecraft:quartz_block":42,"minecraft:chicken_spawn_egg":2,"create:creative_motor":1,"create:white_seat":2,"minecraft:stone_axe":93,"minecraft:cobblestone":19,"minecraft:furnace":1,"create:display_board":40,"minecraft:cobbled_deepslate":3,"minecraft:white_concrete":1},"minecraft:killed":{"minecraft:creeper":1,"minecraft:zombie":2},"minecraft:picked_up":{"minecraft:crafting_table":1,"securitycraft:reinforced_quartz_block":1,"securitycraft:reinforced_quartz_slab":1,"minecraft:wooden_pickaxe":1,"minecraft:oak_log":92,"minecraft:gunpowder":1,"minecraft:lapis_lazuli":38,"minecraft:dirt":7,"minecraft:raw_copper":91,"minecraft:apple":1,"minecraft:cobbled_deepslate":3,"minecraft:raw_gold":7,"minecraft:poppy":1,"minecraft:sugar_cane":3,"minecraft:raw_iron":25,"securitycraft:reinforced_quartz_stairs":1,"minecraft:pointed_dripstone":10,"minecraft:redstone":9,"create:schedule":1,"minecraft:granite":2,"minecraft:oak_sapling":9,"minecraft:coal":15,"minecraft:cobblestone":36},"minecraft:crafted":{"minecraft:oak_planks":44,"minecraft:crafting_table":1,"minecraft:wooden_pickaxe":1,"minecraft:furnace":1,"minecraft:bucket":1,"minecraft:stone_axe":1,"minecraft:air":0,"minecraft:shield":1,"minecraft:iron_axe":1,"minecraft:stick":12,"minecraft:iron_ingot":14,"minecraft:iron_pickaxe":1,"minecraft:stone_pickaxe":1,"minecraft:torch":4}},"DataVersion":3465}