{"stats":{"minecraft:crafted":{"minecraft:oak_planks":44,"minecraft:crafting_table":3,"minecraft:wooden_pickaxe":1,"minecraft:furnace":1,"minecraft:bucket":1,"minecraft:stone_axe":1,"minecraft:air":0,"minecraft:shield":1,"minecraft:iron_axe":1,"minecraft:stick":16,"minecraft:iron_ingot":14,"minecraft:iron_pickaxe":1,"minecraft:stone_pickaxe":1,"minecraft:torch":4,"minecraft:stone_hoe":1},"minecraft:killed":{"minecraft:spider":2,"minecraft:creeper":5,"minecraft:skeleton":3,"minecraft:zombie":10},"minecraft:used":{"create:schedule":1,"create:brass_casing":1,"create:schematic_table":1,"minecraft:stone_pickaxe":87,"minecraft:shield":2,"minecraft:wooden_pickaxe":3,"minecraft:stone":71,"minecraft:quartz_stairs":2,"minecraft:stone_hoe":2,"create:railway_casing":12,"minecraft:torch":3,"securitycraft:reinforced_quartz_block":98,"minecraft:dirt":7,"minecraft:anvil":2,"create:track_station":4,"minecraft:crafting_table":3,"create:cogwheel":21,"securitycraft:protecto":2,"create:track":29,"create:linear_chassis":1,"create:controls":1,"minecraft:quartz_slab":2,"minecraft:iron_axe":41,"minecraft:grass_block":4,"minecraft:bread":12,"minecraft:iron_pickaxe":86,"minecraft:quartz_block":42,"minecraft:chicken_spawn_egg":2,"create:creative_motor":1,"create:white_seat":2,"minecraft:stone_axe":93,"minecraft:cobblestone":19,"minecraft:furnace":1,"minecraft:bucket":1,"create:display_board":40,"minecraft:white_concrete":1,"minecraft:cobbled_deepslate":3},"minecraft:picked_up":{"minecraft:crafting_table":1,"securitycraft:reinforced_quartz_block":1,"securitycraft:reinforced_quartz_slab":1,"minecraft:wooden_pickaxe":1,"minecraft:potato":1,"minecraft:oak_log":92,"minecraft:gunpowder":4,"minecraft:lapis_lazuli":43,"minecraft:string":2,"minecraft:dirt":7,"minecraft:raw_copper":98,"minecraft:bone":4,"minecraft:apple":1,"minecraft:cobbled_deepslate":4,"minecraft:raw_gold":20,"minecraft:poppy":1,"minecraft:sugar_cane":3,"minecraft:raw_iron":45,"securitycraft:reinforced_quartz_stairs":1,"tombstone:grave_dust":1,"minecraft:pointed_dripstone":10,"minecraft:redstone":54,"minecraft:arrow":6,"minecraft:rotten_flesh":9,"minecraft:diamond":2,"create:schedule":1,"minecraft:granite":2,"minecraft:oak_sapling":9,"minecraft:coal":15,"minecraft:cobblestone":36},"minecraft:dropped":{"minecraft:stone_axe":1,"minecraft:apple":1,"minecraft:grass_block":1,"minecraft:stone":2,"minecraft:gunpowder":1,"create:schedule":65,"minecraft:wooden_pickaxe":2,"minecraft:stone_pickaxe":1},"minecraft:custom":{"minecraft:interact_with_furnace":23,"minecraft:interact_with_anvil":12,"minecraft:mob_kills":21,"minecraft:interact_with_crafting_table":19,"minecraft:leave_game":4,"minecraft:time_since_death":101876,"minecraft:time_since_rest":101876,"minecraft:sprint_one_cm":83895,"minecraft:damage_taken":615,"minecraft:walk_one_cm":115912,"minecraft:damage_blocked_by_shield":60,"minecraft:drop":11,"minecraft:damage_dealt":4126,"minecraft:swim_one_cm":7130,"minecraft:fly_one_cm":596398,"minecraft:open_chest":1,"minecraft:crouch_one_cm":19842,"minecraft:play_time":101876,"tombstone:undead_killed":13,"minecraft:sneak_time":6418,"minecraft:walk_under_water_one_cm":482,"minecraft:jump":929,"minecraft:walk_on_water_one_cm":1322,"minecraft:total_world_time":101876,"minecraft:fall_one_cm":25691},"minecraft:mined":{"minecraft:deepslate_redstone_ore":12,"minecraft:deepslate_diamond_ore":2,"minecraft:crafting_table":1,"minecraft:granite":2,"minecraft:grass_block":3,"minecraft:poppy":1,"minecraft:sculk_sensor":1,"minecraft:copper_ore":19,"minecraft:cobblestone":2,"minecraft:deepslate_gold_ore":17,"minecraft:sugar_cane":3,"minecraft:sculk":1,"minecraft:deepslate_copper_ore":8,"minecraft:iron_ore":12,"minecraft:cobbled_deepslate":1,"minecraft:deepslate_lapis_ore":7,"minecraft:sculk_shrieker":1,"minecraft:oak_log":92,"minecraft:pointed_dripstone":5,"minecraft:coal_ore":16,"minecraft:deepslate_iron_ore":33,"minecraft:dirt":4,"minecraft:stone":34,"minecraft:gold_ore":3,"minecraft:oak_leaves":5,"minecraft:deepslate":3}},"DataVersion":3465}