{"stats":{"minecraft:crafted":{"minecraft:oak_planks":112,"minecraft:cobblestone_slab":6,"minecraft:iron_nugget":18,"minecraft:furnace":3,"minecraft:glass":8,"minecraft:hopper":1,"minecraft:bow":1,"minecraft:iron_boots":1,"minecraft:iron_axe":2,"minecraft:ladder":6,"create:millstone":1,"minecraft:stone_pickaxe":1,"minecraft:chest":2,"minecraft:stone_hoe":2,"create:cogwheel":2,"minecraft:wheat":90,"create:andesite_alloy":9,"create:hand_crank":1,"sophisticatedbackpacks:backpack":1,"minecraft:crafting_table":6,"minecraft:wooden_pickaxe":1,"minecraft:iron_helmet":1,"minecraft:bucket":1,"minecraft:stone_axe":1,"minecraft:bread":30,"minecraft:air":0,"minecraft:dispenser":1,"minecraft:iron_chestplate":1,"minecraft:shield":1,"minecraft:stick":40,"minecraft:iron_ingot":48,"minecraft:iron_pickaxe":1,"minecraft:iron_leggings":1,"create:shaft":8,"minecraft:andesite":40,"minecraft:torch":4},"minecraft:dropped":{"minecraft:water_bucket":1,"minecraft:wheat_seeds":10,"create:cogwheel":1,"minecraft:apple":1,"minecraft:granite":2,"minecraft:grass_block":1,"minecraft:dirt":9,"create:schedule":65,"minecraft:iron_axe":1,"minecraft:string":1,"minecraft:pink_petals":46,"minecraft:white_wool":4,"minecraft:gravel":1,"minecraft:stone_axe":1,"minecraft:rotten_flesh":9,"minecraft:stone":2,"minecraft:gunpowder":1,"minecraft:oak_sapling":9,"minecraft:arrow":2,"minecraft:bow":2,"minecraft:stone_pickaxe":1,"minecraft:wooden_pickaxe":2,"botania:light_gray_mystical_flower":14},"minecraft:picked_up":{"minecraft:crafting_table":1,"securitycraft:reinforced_quartz_block":1,"securitycraft:reinforced_quartz_slab":1,"minecraft:wooden_pickaxe":1,"minecraft:string":5,"minecraft:raw_copper":98,"botania:light_gray_double_flower":1,"minecraft:cobbled_deepslate":21,"minecraft:beef":7,"minecraft:cobblestone_slab":1,"minecraft:poppy":1,"minecraft:light_gray_wool":1,"minecraft:sugar_cane":9,"minecraft:egg":6,"minecraft:raw_iron":60,"securitycraft:reinforced_quartz_stairs":1,"create:andesite_casing":1,"minecraft:porkchop":2,"minecraft:cherry_log":24,"minecraft:pointed_dripstone":10,"tombstone:grave_dust":6,"minecraft:diorite":20,"minecraft:redstone":54,"minecraft:arrow":10,"minecraft:rotten_flesh":28,"botania:light_gray_mystical_flower":22,"minecraft:hay_block":10,"minecraft:mutton":11,"minecraft:white_wool":10,"minecraft:cobblestone":98,"minecraft:pink_petals":46,"minecraft:glow_ink_sac":2,"minecraft:water_bucket":1,"minecraft:leather":6,"minecraft:potato":1,"minecraft:tuff":4,"create:raw_zinc":17,"minecraft:oak_log":93,"minecraft:gunpowder":6,"minecraft:lapis_lazuli":43,"minecraft:dirt":18,"minecraft:bone":9,"minecraft:apple":1,"minecraft:bow":2,"minecraft:wheat_seeds":15,"minecraft:raw_gold":25,"minecraft:oak_planks":8,"create:cogwheel":1,"minecraft:gravel":1,"minecraft:sand":8,"minecraft:bundle":1,"minecraft:dispenser":2,"minecraft:diamond":2,"create:schedule":1,"minecraft:granite":2,"minecraft:oak_sapling":9,"minecraft:coal":21},"minecraft:mined":{"create:zinc_ore":17,"minecraft:deepslate_diamond_ore":2,"create:andesite_casing":1,"minecraft:sculk_vein":1,"minecraft:cherry_log":23,"minecraft:granite":2,"minecraft:grass_block":4,"botania:black_double_flower":1,"botania:light_gray_mystical_flower":9,"minecraft:hay_block":10,"minecraft:iron_ore":18,"minecraft:cobbled_deepslate":1,"minecraft:deepslate_lapis_ore":7,"minecraft:sculk_shrieker":1,"minecraft:pointed_dripstone":5,"minecraft:cobblestone_slab":3,"minecraft:deepslate_iron_ore":40,"minecraft:stone":88,"minecraft:white_wool":1,"minecraft:deepslate_redstone_ore":12,"minecraft:crafting_table":1,"minecraft:poppy":1,"minecraft:sculk_sensor":2,"minecraft:copper_ore":19,"minecraft:cobblestone":19,"minecraft:deepslate_gold_ore":22,"minecraft:oak_planks":8,"minecraft:sugar_cane":8,"botania:light_gray_double_flower":1,"minecraft:sculk":1,"minecraft:diorite":21,"minecraft:deepslate_copper_ore":8,"minecraft:pink_petals":4,"minecraft:grass":25,"minecraft:coal_ore":22,"minecraft:oak_log":92,"minecraft:sand":8,"minecraft:gravel":1,"minecraft:dirt":8,"minecraft:dispenser":2,"minecraft:gold_ore":3,"minecraft:oak_leaves":5,"minecraft:deepslate":12},"minecraft:killed":{"minecraft:spider":2,"minecraft:horse":2,"minecraft:skeleton":7,"minecraft:chicken":1,"minecraft:pig":1,"minecraft:creeper":9,"minecraft:sheep":10,"minecraft:zombie":31,"minecraft:cow":5},"minecraft:custom":{"minecraft:mob_kills":70,"minecraft:interact_with_anvil":12,"minecraft:inspect_hopper":5,"minecraft:interact_with_crafting_table":51,"minecraft:bell_ring":1,"minecraft:leave_game":6,"minecraft:time_since_death":188159,"minecraft:climb_one_cm":428,"minecraft:sprint_one_cm":290339,"minecraft:walk_one_cm":223487,"minecraft:damage_blocked_by_shield":365,"minecraft:drop":36,"minecraft:play_time":188159,"minecraft:sneak_time":15114,"minecraft:walk_under_water_one_cm":3251,"minecraft:jump":2776,"minecraft:walk_on_water_one_cm":13696,"minecraft:total_world_time":188159,"minecraft:interact_with_furnace":38,"minecraft:sleep_in_bed":1,"minecraft:time_since_rest":27829,"minecraft:damage_taken":1300,"minecraft:damage_dealt":11835,"minecraft:swim_one_cm":23018,"minecraft:fly_one_cm":947309,"minecraft:open_chest":2,"minecraft:crouch_one_cm":55872,"tombstone:undead_killed":38,"minecraft:fall_one_cm":88418,"minecraft:inspect_dispenser":2},"minecraft:used":{"create:brass_casing":1,"create:schematic_table":1,"minecraft:dispenser":3,"minecraft:ladder":2,"minecraft:shield":11,"minecraft:stone":71,"minecraft:quartz_stairs":2,"minecraft:stone_hoe":12,"create:railway_casing":12,"minecraft:torch":3,"minecraft:dirt":9,"securitycraft:reinforced_quartz_block":98,"minecraft:anvil":2,"minecraft:hopper":1,"create:cogwheel":22,"minecraft:tuff":4,"minecraft:glass":8,"securitycraft:protecto":2,"create:controls":1,"minecraft:quartz_slab":2,"minecraft:grass_block":4,"minecraft:iron_axe":181,"minecraft:quartz_block":42,"minecraft:chicken_spawn_egg":4,"create:millstone":1,"create:creative_motor":1,"minecraft:light_gray_wool":1,"minecraft:furnace":3,"tombstone:gift":1,"botania:light_gray_double_flower":1,"minecraft:egg":6,"minecraft:cobbled_deepslate":4,"minecraft:cherry_log":2,"minecraft:water_bucket":33,"create:schedule":1,"minecraft:stone_pickaxe":87,"minecraft:oak_planks":18,"minecraft:wooden_pickaxe":3,"minecraft:cobblestone_slab":7,"minecraft:white_wool":1,"create:track_station":4,"minecraft:crafting_table":7,"minecraft:oak_log":1,"create:track":29,"create:linear_chassis":1,"minecraft:bread":39,"minecraft:iron_pickaxe":235,"create:white_seat":2,"minecraft:stone_axe":93,"minecraft:cobblestone":44,"minecraft:bucket":34,"create:display_board":40,"botania:light_gray_mystical_flower":8,"create:hand_crank":1,"minecraft:white_concrete":1}},"DataVersion":3465}