{"stats":{"minecraft:crafted":{"minecraft:cherry_planks":88,"minecraft:smooth_stone":3,"minecraft:oak_planks":116,"minecraft:stone_shovel":4,"minecraft:cobblestone_slab":6,"minecraft:iron_nugget":18,"minecraft:furnace":3,"minecraft:stone":3,"minecraft:cobblestone_stairs":24,"minecraft:bone_meal":3,"create:schematic_table":1,"minecraft:flint_and_steel":1,"create:vertical_gearbox":1,"minecraft:glass":8,"minecraft:hopper":1,"minecraft:bow":1,"minecraft:iron_boots":1,"minecraft:iron_axe":2,"minecraft:ladder":6,"minecraft:slime_ball":2,"create:millstone":1,"create:empty_schematic":2,"minecraft:lime_dye":2,"minecraft:stone_pickaxe":5,"minecraft:chest":6,"minecraft:stone_hoe":2,"create:cogwheel":6,"minecraft:wheat":90,"minecraft:cooked_beef":7,"minecraft:oak_slab":6,"create:andesite_alloy":9,"create:hand_crank":1,"sophisticatedbackpacks:backpack":1,"minecraft:crafting_table":7,"minecraft:baked_potato":2,"minecraft:wooden_pickaxe":1,"minecraft:iron_helmet":1,"create:dough":2,"minecraft:bucket":1,"minecraft:stone_axe":1,"minecraft:bread":30,"minecraft:air":0,"create:gearbox":1,"minecraft:blue_dye":1,"minecraft:dispenser":1,"minecraft:iron_chestplate":1,"minecraft:paper":3,"minecraft:shield":1,"minecraft:white_dye":3,"minecraft:stick":56,"minecraft:light_blue_dye":2,"minecraft:iron_ingot":60,"minecraft:iron_pickaxe":2,"minecraft:iron_shovel":1,"minecraft:iron_leggings":1,"minecraft:white_bed":1,"minecraft:andesite":40,"create:shaft":16,"minecraft:torch":4},"minecraft:mined":{"minecraft:nether_gold_ore":3,"create:zinc_ore":17,"minecraft:white_bed":3,"minecraft:deepslate_diamond_ore":2,"minecraft:sculk_vein":1,"create:andesite_casing":3,"minecraft:cherry_log":23,"minecraft:granite":2,"minecraft:grass_block":49,"minecraft:soul_soil":3,"botania:black_double_flower":1,"botania:light_gray_mystical_flower":9,"minecraft:hay_block":10,"minecraft:fire":1,"minecraft:iron_ore":18,"minecraft:cobbled_deepslate":1,"minecraft:deepslate_lapis_ore":7,"minecraft:sculk_shrieker":1,"minecraft:potatoes":6,"minecraft:pointed_dripstone":5,"minecraft:deepslate_iron_ore":40,"minecraft:cobblestone_slab":4,"minecraft:stripped_oak_log":1,"botania:brown_mystical_flower":1,"minecraft:stone":605,"minecraft:white_wool":1,"minecraft:deepslate_redstone_ore":12,"minecraft:soul_fire":2,"minecraft:powder_snow":12,"minecraft:crafting_table":1,"minecraft:poppy":6,"minecraft:sculk_sensor":2,"minecraft:nether_quartz_ore":5,"minecraft:glass":1,"minecraft:tall_grass":23,"minecraft:copper_ore":25,"minecraft:cobblestone":48,"minecraft:deepslate_gold_ore":22,"minecraft:sugar_cane":43,"minecraft:oak_planks":9,"botania:light_gray_double_flower":1,"minecraft:sculk":1,"minecraft:diorite":21,"minecraft:deepslate_copper_ore":8,"minecraft:pink_petals":4,"create:flywheel":1,"minecraft:wheat":9,"minecraft:grass":186,"minecraft:oak_log":92,"minecraft:coal_ore":30,"minecraft:gravel":71,"minecraft:sand":8,"minecraft:dirt":632,"minecraft:dispenser":2,"minecraft:netherrack":55,"minecraft:gold_ore":3,"minecraft:oak_leaves":5,"minecraft:deepslate":12},"minecraft:picked_up":{"minecraft:crafting_table":1,"minecraft:wheat":10,"securitycraft:reinforced_quartz_block":1,"minecraft:chicken":1,"securitycraft:reinforced_quartz_slab":1,"minecraft:wooden_pickaxe":1,"minecraft:soul_soil":3,"minecraft:string":5,"minecraft:raw_copper":117,"botania:light_gray_double_flower":1,"minecraft:gold_nugget":11,"minecraft:cobbled_deepslate":21,"minecraft:bucket":1,"minecraft:beef":7,"minecraft:cobblestone_slab":3,"minecraft:poppy":6,"minecraft:light_gray_wool":1,"minecraft:sugar_cane":45,"minecraft:egg":9,"minecraft:raw_iron":60,"securitycraft:reinforced_quartz_stairs":1,"create:andesite_casing":3,"minecraft:porkchop":2,"minecraft:cherry_log":24,"minecraft:pointed_dripstone":10,"tombstone:grave_dust":7,"minecraft:diorite":20,"minecraft:redstone":54,"minecraft:cauldron":4,"minecraft:arrow":11,"minecraft:rotten_flesh":37,"botania:light_gray_mystical_flower":22,"minecraft:hay_block":10,"minecraft:mutton":11,"minecraft:cobblestone":681,"minecraft:white_wool":10,"minecraft:stripped_oak_log":1,"minecraft:pink_petals":55,"minecraft:glow_ink_sac":2,"minecraft:water_bucket":1,"minecraft:leather":6,"minecraft:potato":24,"minecraft:flint":7,"minecraft:tuff":4,"create:raw_zinc":17,"minecraft:oak_log":93,"minecraft:gunpowder":10,"minecraft:lapis_lazuli":43,"minecraft:dirt":731,"minecraft:paper":1,"minecraft:bone":11,"minecraft:apple":1,"minecraft:bow":3,"minecraft:wheat_seeds":71,"minecraft:raw_gold":25,"create:flywheel":1,"minecraft:stone_hoe":1,"minecraft:oak_planks":9,"create:cogwheel":1,"minecraft:quartz":5,"minecraft:gravel":95,"minecraft:sand":8,"create:schematic":1,"minecraft:white_bed":3,"minecraft:bundle":1,"minecraft:dispenser":2,"minecraft:diamond":2,"create:schedule":1,"minecraft:granite":2,"minecraft:bread":1,"botania:brown_mystical_flower":1,"minecraft:oak_sapling":9,"minecraft:netherrack":55,"minecraft:coal":29,"minecraft:crimson_roots":1},"minecraft:used":{"minecraft:flint_and_steel":1,"create:brass_casing":1,"minecraft:iron_shovel":250,"create:schematic_table":2,"create:item_vault":3,"minecraft:stone_shovel":431,"minecraft:dispenser":3,"minecraft:poppy":1,"minecraft:ladder":2,"minecraft:chest":4,"minecraft:shield":12,"minecraft:stone":71,"minecraft:quartz_stairs":2,"create:railway_casing":12,"minecraft:stone_hoe":59,"minecraft:torch":3,"minecraft:dirt":99,"securitycraft:reinforced_quartz_block":98,"minecraft:anvil":2,"create:white_sail":117,"minecraft:hopper":1,"create:cogwheel":22,"minecraft:tuff":4,"securitycraft:protecto":2,"minecraft:glass":8,"create:controls":1,"minecraft:lava_bucket":12,"minecraft:iron_axe":220,"minecraft:quartz_slab":2,"minecraft:grass_block":4,"minecraft:quartz_block":42,"minecraft:chicken_spawn_egg":4,"create:millstone":1,"create:creative_motor":1,"minecraft:light_gray_wool":1,"create:shaft":10,"minecraft:furnace":3,"botania:light_gray_double_flower":1,"tombstone:gift":1,"minecraft:egg":57,"minecraft:cooked_beef":3,"minecraft:potato":14,"minecraft:cobbled_deepslate":4,"minecraft:cherry_log":2,"minecraft:pointed_dripstone":4,"minecraft:wheat_seeds":35,"minecraft:water_bucket":70,"create:schedule":1,"minecraft:cobblestone_stairs":21,"minecraft:stone_pickaxe":490,"minecraft:baked_potato":2,"minecraft:oak_planks":18,"minecraft:wooden_pickaxe":3,"minecraft:cherry_planks":30,"minecraft:cauldron":4,"minecraft:sugar_cane":38,"minecraft:cobblestone_slab":9,"minecraft:white_wool":1,"create:flywheel":1,"create:track_station":4,"minecraft:crafting_table":8,"minecraft:white_bed":4,"minecraft:oak_log":9,"create:track":29,"minecraft:lever":1,"create:linear_chassis":1,"minecraft:apple":1,"create:windmill_bearing":1,"minecraft:bread":60,"minecraft:iron_pickaxe":463,"create:white_seat":2,"minecraft:stone_axe":93,"minecraft:cobblestone":135,"minecraft:bucket":71,"create:vertical_gearbox":1,"botania:light_gray_mystical_flower":8,"create:display_board":40,"create:hand_crank":1,"minecraft:white_concrete":1},"minecraft:broken":{"minecraft:iron_shovel":1,"minecraft:stone_pickaxe":3,"minecraft:iron_pickaxe":1,"minecraft:stone_shovel":3},"minecraft:custom":{"minecraft:mob_kills":85,"minecraft:interact_with_anvil":12,"minecraft:animals_bred":5,"minecraft:inspect_hopper":9,"minecraft:open_barrel":4,"minecraft:interact_with_crafting_table":76,"minecraft:bell_ring":1,"minecraft:leave_game":7,"minecraft:time_since_death":318951,"minecraft:climb_one_cm":7885,"minecraft:sprint_one_cm":579555,"minecraft:walk_one_cm":532417,"minecraft:damage_blocked_by_shield":395,"minecraft:drop":73,"minecraft:damage_dealt_absorbed":186,"minecraft:play_time":318951,"minecraft:sneak_time":24174,"minecraft:walk_under_water_one_cm":3315,"minecraft:jump":4595,"minecraft:walk_on_water_one_cm":17009,"minecraft:total_world_time":318951,"minecraft:interact_with_furnace":52,"minecraft:sleep_in_bed":8,"minecraft:time_since_rest":2051,"minecraft:damage_taken":2250,"minecraft:damage_dealt":14404,"minecraft:swim_one_cm":23018,"minecraft:fly_one_cm":1354960,"minecraft:open_chest":52,"minecraft:crouch_one_cm":98539,"tombstone:undead_killed":48,"minecraft:use_cauldron":1,"minecraft:fall_one_cm":158765,"minecraft:inspect_dispenser":25},"minecraft:dropped":{"minecraft:stone_hoe":1,"minecraft:water_bucket":1,"minecraft:bread":6,"minecraft:oak_slab":3,"minecraft:wheat_seeds":20,"create:flywheel":64,"create:cogwheel":1,"minecraft:apple":1,"minecraft:granite":2,"minecraft:grass_block":1,"minecraft:cobblestone_stairs":3,"minecraft:dirt":76,"create:schedule":65,"minecraft:crimson_roots":1,"minecraft:iron_axe":1,"minecraft:paper":1,"minecraft:string":1,"minecraft:pink_petals":46,"minecraft:bucket":1,"minecraft:white_wool":4,"minecraft:gravel":22,"minecraft:stone_axe":1,"minecraft:sugar_cane":4,"minecraft:stone_shovel":1,"minecraft:wheat":10,"minecraft:chicken":1,"minecraft:rotten_flesh":20,"minecraft:oak_planks":1,"create:schematic":1,"minecraft:poppy":4,"minecraft:cobblestone_slab":2,"create:item_vault":1,"minecraft:stone":2,"minecraft:gunpowder":1,"minecraft:oak_sapling":9,"minecraft:wooden_pickaxe":2,"minecraft:stone_pickaxe":1,"minecraft:arrow":2,"minecraft:bow":2,"securitycraft:universal_block_reinforcer_lvl1":1,"botania:light_gray_mystical_flower":14},"minecraft:killed":{"minecraft:spider":2,"minecraft:skeleton":8,"minecraft:horse":2,"minecraft:chicken":2,"minecraft:pig":1,"minecraft:creeper":13,"minecraft:sheep":10,"minecraft:zombie":40,"minecraft:cow":5}},"DataVersion":3465}