{"stats":{"minecraft:killed":{"minecraft:spider":2,"minecraft:creeper":5,"minecraft:skeleton":3,"minecraft:zombie":10},"minecraft:custom":{"minecraft:interact_with_furnace":29,"minecraft:interact_with_anvil":12,"minecraft:mob_kills":21,"minecraft:interact_with_crafting_table":22,"minecraft:leave_game":5,"minecraft:time_since_death":116557,"minecraft:time_since_rest":116557,"minecraft:sprint_one_cm":86705,"minecraft:damage_taken":615,"minecraft:walk_one_cm":118904,"minecraft:damage_blocked_by_shield":60,"minecraft:drop":12,"minecraft:damage_dealt":4126,"minecraft:swim_one_cm":7130,"minecraft:fly_one_cm":603027,"minecraft:open_chest":1,"minecraft:crouch_one_cm":20981,"minecraft:play_time":116557,"tombstone:undead_killed":13,"minecraft:sneak_time":6796,"minecraft:walk_under_water_one_cm":482,"minecraft:jump":967,"minecraft:walk_on_water_one_cm":1322,"minecraft:total_world_time":116557,"minecraft:fall_one_cm":27479},"minecraft:mined":{"minecraft:deepslate_redstone_ore":12,"minecraft:deepslate_diamond_ore":2,"minecraft:crafting_table":1,"minecraft:granite":2,"minecraft:grass_block":3,"minecraft:poppy":1,"minecraft:sculk_sensor":2,"minecraft:copper_ore":19,"minecraft:cobblestone":2,"minecraft:deepslate_gold_ore":17,"minecraft:sugar_cane":3,"minecraft:sculk":1,"minecraft:deepslate_copper_ore":8,"minecraft:iron_ore":12,"minecraft:cobbled_deepslate":1,"minecraft:deepslate_lapis_ore":7,"minecraft:sculk_shrieker":1,"minecraft:oak_log":92,"minecraft:pointed_dripstone":5,"minecraft:coal_ore":16,"minecraft:deepslate_iron_ore":36,"minecraft:dirt":4,"minecraft:stone":34,"minecraft:gold_ore":3,"minecraft:oak_leaves":5,"minecraft:deepslate":12},"minecraft:picked_up":{"minecraft:crafting_table":1,"securitycraft:reinforced_quartz_block":1,"securitycraft:reinforced_quartz_slab":1,"minecraft:wooden_pickaxe":1,"minecraft:potato":1,"minecraft:oak_log":92,"minecraft:gunpowder":4,"minecraft:lapis_lazuli":43,"minecraft:dirt":7,"minecraft:string":2,"minecraft:raw_copper":98,"minecraft:bone":4,"minecraft:apple":1,"minecraft:cobbled_deepslate":13,"minecraft:raw_gold":20,"minecraft:poppy":1,"minecraft:sugar_cane":3,"minecraft:raw_iron":48,"securitycraft:reinforced_quartz_stairs":1,"tombstone:grave_dust":1,"minecraft:pointed_dripstone":10,"minecraft:redstone":54,"minecraft:arrow":6,"minecraft:rotten_flesh":9,"minecraft:diamond":2,"create:schedule":1,"minecraft:granite":2,"minecraft:oak_sapling":9,"minecraft:coal":15,"minecraft:cobblestone":36},"minecraft:crafted":{"minecraft:oak_planks":44,"minecraft:crafting_table":3,"minecraft:iron_helmet":1,"minecraft:wooden_pickaxe":1,"minecraft:furnace":2,"minecraft:bucket":1,"minecraft:stone_axe":1,"minecraft:air":0,"minecraft:iron_boots":1,"minecraft:iron_chestplate":1,"minecraft:shield":1,"minecraft:iron_axe":1,"minecraft:stick":16,"minecraft:iron_ingot":48,"minecraft:iron_pickaxe":1,"minecraft:stone_pickaxe":1,"minecraft:iron_leggings":1,"minecraft:torch":4,"minecraft:stone_hoe":1},"minecraft:used":{"create:schedule":1,"create:brass_casing":1,"create:schematic_table":1,"minecraft:stone_pickaxe":87,"minecraft:oak_planks":5,"minecraft:wooden_pickaxe":3,"minecraft:shield":2,"minecraft:stone":71,"minecraft:quartz_stairs":2,"create:railway_casing":12,"minecraft:stone_hoe":2,"minecraft:torch":3,"securitycraft:reinforced_quartz_block":98,"minecraft:dirt":7,"minecraft:anvil":2,"create:track_station":4,"minecraft:crafting_table":4,"create:cogwheel":21,"securitycraft:protecto":2,"create:track":29,"create:linear_chassis":1,"create:controls":1,"minecraft:quartz_slab":2,"minecraft:iron_axe":41,"minecraft:grass_block":4,"minecraft:bread":14,"minecraft:iron_pickaxe":99,"minecraft:quartz_block":42,"minecraft:chicken_spawn_egg":2,"create:creative_motor":1,"create:white_seat":2,"minecraft:stone_axe":93,"minecraft:cobblestone":19,"minecraft:furnace":2,"minecraft:bucket":1,"create:display_board":40,"minecraft:white_concrete":1,"minecraft:cobbled_deepslate":3},"minecraft:dropped":{"minecraft:stone_axe":1,"minecraft:apple":1,"minecraft:granite":2,"minecraft:grass_block":1,"minecraft:stone":2,"minecraft:gunpowder":1,"create:schedule":65,"minecraft:wooden_pickaxe":2,"minecraft:stone_pickaxe":1}},"DataVersion":3465}