{"stats":{"minecraft:crafted":{"minecraft:oak_planks":44,"minecraft:crafting_table":3,"minecraft:wooden_pickaxe":1,"minecraft:iron_helmet":1,"minecraft:furnace":2,"minecraft:bucket":1,"minecraft:stone_axe":1,"minecraft:air":0,"minecraft:iron_boots":1,"minecraft:iron_chestplate":1,"minecraft:shield":1,"minecraft:iron_axe":1,"minecraft:stick":16,"minecraft:iron_ingot":48,"minecraft:iron_pickaxe":1,"minecraft:stone_pickaxe":1,"minecraft:iron_leggings":1,"minecraft:torch":4,"minecraft:stone_hoe":1},"minecraft:killed":{"minecraft:pig":1,"minecraft:spider":2,"minecraft:creeper":7,"minecraft:skeleton":6,"minecraft:zombie":12},"minecraft:used":{"minecraft:water_bucket":2,"create:schedule":1,"create:brass_casing":1,"create:schematic_table":1,"minecraft:stone_pickaxe":87,"minecraft:oak_planks":5,"minecraft:wooden_pickaxe":3,"minecraft:shield":7,"minecraft:stone":71,"minecraft:quartz_stairs":2,"create:railway_casing":12,"minecraft:stone_hoe":2,"minecraft:torch":3,"securitycraft:reinforced_quartz_block":98,"minecraft:dirt":7,"minecraft:anvil":2,"create:track_station":4,"minecraft:crafting_table":4,"create:cogwheel":21,"minecraft:tuff":4,"securitycraft:protecto":2,"create:track":29,"create:linear_chassis":1,"create:controls":1,"minecraft:iron_axe":62,"minecraft:quartz_slab":2,"minecraft:grass_block":4,"minecraft:bread":18,"minecraft:iron_pickaxe":115,"minecraft:quartz_block":42,"minecraft:chicken_spawn_egg":2,"create:creative_motor":1,"create:white_seat":2,"minecraft:stone_axe":93,"minecraft:cobblestone":19,"minecraft:furnace":2,"minecraft:bucket":3,"create:display_board":40,"minecraft:white_concrete":1,"minecraft:cobbled_deepslate":3},"minecraft:picked_up":{"minecraft:crafting_table":1,"securitycraft:reinforced_quartz_block":1,"minecraft:glow_ink_sac":2,"securitycraft:reinforced_quartz_slab":1,"minecraft:wooden_pickaxe":1,"minecraft:potato":1,"minecraft:tuff":4,"minecraft:oak_log":92,"minecraft:gunpowder":6,"minecraft:dirt":7,"minecraft:lapis_lazuli":43,"minecraft:string":2,"minecraft:raw_copper":98,"minecraft:bone":8,"minecraft:apple":1,"minecraft:bow":1,"minecraft:cobbled_deepslate":21,"minecraft:raw_gold":25,"minecraft:poppy":1,"minecraft:sugar_cane":3,"minecraft:oak_planks":3,"minecraft:raw_iron":58,"securitycraft:reinforced_quartz_stairs":1,"minecraft:porkchop":2,"tombstone:grave_dust":1,"minecraft:pointed_dripstone":10,"minecraft:redstone":54,"minecraft:bundle":1,"minecraft:arrow":8,"minecraft:rotten_flesh":11,"minecraft:diamond":2,"create:schedule":1,"minecraft:granite":2,"minecraft:oak_sapling":9,"minecraft:coal":15,"minecraft:cobblestone":38},"minecraft:dropped":{"minecraft:stone_axe":1,"minecraft:rotten_flesh":9,"minecraft:apple":1,"minecraft:granite":2,"minecraft:grass_block":1,"minecraft:stone":2,"minecraft:gunpowder":1,"create:schedule":65,"minecraft:bow":1,"minecraft:wooden_pickaxe":2,"minecraft:stone_pickaxe":1},"minecraft:custom":{"minecraft:interact_with_furnace":31,"minecraft:interact_with_anvil":12,"minecraft:mob_kills":29,"minecraft:interact_with_crafting_table":22,"minecraft:leave_game":5,"minecraft:time_since_death":129724,"minecraft:time_since_rest":129724,"minecraft:sprint_one_cm":120294,"minecraft:damage_taken":808,"minecraft:walk_one_cm":136422,"minecraft:damage_blocked_by_shield":200,"minecraft:drop":14,"minecraft:damage_dealt":5687,"minecraft:swim_one_cm":9079,"minecraft:fly_one_cm":651763,"minecraft:open_chest":1,"minecraft:play_time":129724,"minecraft:crouch_one_cm":49215,"tombstone:undead_killed":18,"minecraft:sneak_time":12844,"minecraft:walk_under_water_one_cm":767,"minecraft:jump":1279,"minecraft:walk_on_water_one_cm":3369,"minecraft:total_world_time":129724,"minecraft:fall_one_cm":36707},"minecraft:mined":{"minecraft:deepslate_redstone_ore":12,"minecraft:deepslate_diamond_ore":2,"minecraft:sculk_vein":1,"minecraft:crafting_table":1,"minecraft:granite":2,"minecraft:grass_block":3,"minecraft:poppy":1,"minecraft:sculk_sensor":2,"minecraft:copper_ore":19,"minecraft:cobblestone":2,"minecraft:deepslate_gold_ore":22,"minecraft:oak_planks":3,"minecraft:sugar_cane":3,"minecraft:sculk":1,"minecraft:deepslate_copper_ore":8,"minecraft:iron_ore":16,"minecraft:cobbled_deepslate":1,"minecraft:deepslate_lapis_ore":7,"minecraft:sculk_shrieker":1,"minecraft:oak_log":92,"minecraft:pointed_dripstone":5,"minecraft:coal_ore":16,"minecraft:deepslate_iron_ore":40,"minecraft:dirt":4,"minecraft:stone":36,"minecraft:gold_ore":3,"minecraft:oak_leaves":5,"minecraft:deepslate":12}},"DataVersion":3465}