{"stats":{"minecraft:crafted":{"minecraft:cherry_planks":28,"minecraft:wooden_sword":1,"minecraft:furnace":1,"minecraft:stone":18,"securitycraft:keypad_item":2,"minecraft:heavy_weighted_pressure_plate":3,"minecraft:iron_boots":1,"minecraft:stone_pickaxe":2,"minecraft:chest":4,"minecraft:crafting_table":1,"securitycraft:reinforced_stone_button":18,"minecraft:wooden_pickaxe":1,"minecraft:iron_helmet":1,"minecraft:iron_sword":1,"minecraft:air":0,"minecraft:jungle_planks":28,"minecraft:iron_chestplate":1,"minecraft:stick":20,"minecraft:iron_ingot":52,"minecraft:iron_pickaxe":2,"minecraft:stone_sword":1,"minecraft:iron_leggings":1,"minecraft:white_bed":1,"minecraft:torch":16},"minecraft:mined":{"create:zinc_ore":14,"minecraft:tuff":14,"minecraft:white_bed":1,"minecraft:cherry_log":13,"minecraft:glow_lichen":1,"minecraft:granite":7,"botania:black_mushroom":1,"minecraft:grass_block":26,"minecraft:jungle_log":7,"minecraft:soul_soil":5,"minecraft:crimson_fungus":1,"minecraft:smooth_stone":1,"minecraft:iron_ore":57,"minecraft:deepslate_iron_ore":6,"minecraft:vine":1,"minecraft:pointed_dripstone":2,"minecraft:water_cauldron":4,"minecraft:bamboo":1,"minecraft:stone":238,"botania:light_blue_double_flower":1,"botania:green_mystical_flower":4,"minecraft:deepslate_redstone_ore":5,"minecraft:soul_sand":13,"minecraft:powder_snow":6,"minecraft:crafting_table":4,"minecraft:emerald_ore":2,"minecraft:poppy":2,"minecraft:melon":2,"minecraft:chest":4,"minecraft:copper_ore":5,"minecraft:tall_grass":2,"minecraft:cobblestone":4,"minecraft:deepslate_gold_ore":8,"minecraft:sugar_cane":2,"minecraft:diorite":6,"minecraft:pink_petals":5,"minecraft:wheat":1,"minecraft:grass":8,"minecraft:coal_ore":124,"minecraft:cocoa":6,"minecraft:cherry_leaves":10,"minecraft:sand":1,"minecraft:dripstone_block":38,"minecraft:gravel":3,"minecraft:dirt":85,"minecraft:deepslate":258,"minecraft:fern":1},"minecraft:picked_up":{"minecraft:cocoa_beans":12,"minecraft:crafting_table":4,"minecraft:chicken":4,"botania:light_blue_double_flower":1,"minecraft:string":6,"minecraft:raw_copper":20,"minecraft:soul_soil":4,"minecraft:cobbled_deepslate":257,"minecraft:smooth_stone":1,"minecraft:beef":11,"minecraft:poppy":2,"minecraft:melon_slice":13,"minecraft:sugar_cane":7,"minecraft:chest":4,"minecraft:egg":2,"minecraft:stick":2,"minecraft:raw_iron":62,"botania:black_mushroom":1,"minecraft:porkchop":10,"minecraft:cherry_log":12,"minecraft:pointed_dripstone":15,"tombstone:grave_dust":3,"minecraft:diorite":8,"minecraft:redstone":23,"minecraft:cauldron":4,"minecraft:stone_sword":1,"minecraft:arrow":3,"minecraft:rotten_flesh":6,"minecraft:stone_shovel":1,"botania:green_mystical_flower":12,"minecraft:mutton":15,"minecraft:snowball":5,"minecraft:white_wool":4,"minecraft:cobblestone":213,"minecraft:pink_petals":117,"minecraft:feather":4,"minecraft:glow_ink_sac":8,"minecraft:jungle_log":7,"minecraft:leather":9,"minecraft:crimson_fungus":1,"minecraft:tuff":14,"create:raw_zinc":13,"minecraft:gunpowder":1,"minecraft:dirt":141,"minecraft:bone":3,"minecraft:wheat_seeds":5,"minecraft:raw_gold":8,"securitycraft:universal_block_reinforcer_lvl1":1,"minecraft:bamboo":15,"minecraft:soul_sand":13,"minecraft:dripstone_block":30,"minecraft:gravel":6,"minecraft:sand":1,"minecraft:jungle_planks":2,"minecraft:white_bed":1,"securitycraft:reinforced_stone":18,"minecraft:spider_eye":1,"create:schedule":64,"minecraft:granite":7,"minecraft:gray_wool":1,"minecraft:bread":5,"minecraft:emerald":2,"minecraft:coal":124,"minecraft:crimson_roots":1},"minecraft:used":{"minecraft:stone_sword":75,"minecraft:stone_shovel":12,"minecraft:chest":8,"minecraft:iron_sword":76,"minecraft:torch":7,"minecraft:dirt":138,"minecraft:mutton":2,"securitycraft:keypad_item":2,"minecraft:jungle_planks":2,"minecraft:beef":2,"minecraft:furnace":1,"tombstone:gift":4,"minecraft:stone_pickaxe":262,"minecraft:wooden_pickaxe":59,"minecraft:crafting_table":5,"minecraft:white_bed":2,"minecraft:dripstone_block":30,"minecraft:melon_slice":13,"minecraft:chicken":2,"minecraft:bread":10,"minecraft:iron_pickaxe":478,"minecraft:wooden_sword":42,"minecraft:cobblestone":30,"minecraft:porkchop":4},"minecraft:broken":{"minecraft:wooden_pickaxe":1,"minecraft:stone_pickaxe":2,"minecraft:iron_pickaxe":1},"minecraft:killed_by":{"minecraft:skeleton":3},"minecraft:dropped":{"minecraft:glow_ink_sac":4,"minecraft:cobblestone":30,"minecraft:stick":1,"create:schedule":64,"minecraft:diorite":3,"minecraft:mutton":4,"botania:green_mystical_flower":4,"minecraft:pink_petals":55,"minecraft:cauldron":4,"minecraft:gravel":3,"minecraft:stone_sword":1,"minecraft:pointed_dripstone":5,"minecraft:bamboo":5},"minecraft:custom":{"minecraft:mob_kills":43,"minecraft:interact_with_crafting_table":19,"minecraft:bell_ring":1,"minecraft:leave_game":5,"minecraft:time_since_death":51225,"minecraft:climb_one_cm":3975,"minecraft:sprint_one_cm":276263,"minecraft:walk_one_cm":537110,"minecraft:drop":77,"minecraft:play_time":173650,"minecraft:sneak_time":6978,"minecraft:deaths":4,"minecraft:walk_under_water_one_cm":14740,"minecraft:jump":2123,"minecraft:walk_on_water_one_cm":62470,"minecraft:total_world_time":173650,"minecraft:interact_with_furnace":12,"minecraft:sleep_in_bed":2,"minecraft:time_since_rest":51161,"minecraft:damage_taken":1658,"minecraft:damage_dealt":6490,"minecraft:swim_one_cm":10154,"minecraft:fly_one_cm":529684,"minecraft:open_chest":33,"minecraft:crouch_one_cm":9462,"tombstone:undead_killed":14,"minecraft:fall_one_cm":33947},"minecraft:killed":{"minecraft:spider":6,"minecraft:skeleton":5,"minecraft:chicken":4,"minecraft:pig":6,"minecraft:creeper":1,"minecraft:sheep":5,"minecraft:zombie":9,"minecraft:cow":6}},"DataVersion":3465}