{"stats":{"minecraft:killed_by":{"minecraft:skeleton":1},"minecraft:crafted":{"minecraft:wooden_sword":1,"minecraft:crafting_table":1,"minecraft:stick":8,"minecraft:white_bed":1,"minecraft:wooden_pickaxe":1,"minecraft:stone_pickaxe":1,"minecraft:chest":1,"minecraft:stone_sword":1,"minecraft:jungle_planks":28},"minecraft:killed":{"minecraft:sheep":4,"minecraft:skeleton":1,"minecraft:zombie":1,"minecraft:pig":2,"minecraft:chicken":2,"minecraft:spider":1,"minecraft:cow":1},"minecraft:used":{"minecraft:stone_sword":13,"minecraft:stone_pickaxe":94,"minecraft:melon_slice":13,"minecraft:chest":1,"minecraft:wooden_pickaxe":4,"minecraft:mutton":1,"minecraft:wooden_sword":42,"minecraft:dirt":4,"minecraft:crafting_table":4,"minecraft:porkchop":4,"minecraft:jungle_planks":2,"tombstone:gift":2,"minecraft:white_bed":1},"minecraft:picked_up":{"minecraft:cocoa_beans":12,"minecraft:crafting_table":3,"minecraft:feather":2,"minecraft:chicken":2,"minecraft:jungle_log":7,"minecraft:porkchop":4,"minecraft:sand":1,"botania:light_blue_double_flower":1,"minecraft:arrow":1,"minecraft:dirt":32,"minecraft:raw_copper":20,"minecraft:rotten_flesh":2,"create:schedule":64,"minecraft:beef":3,"minecraft:poppy":2,"minecraft:bamboo":5,"minecraft:mutton":6,"minecraft:melon_slice":13,"minecraft:sugar_cane":7,"botania:green_mystical_flower":3,"minecraft:white_wool":4,"minecraft:coal":60,"minecraft:cobblestone":31,"minecraft:egg":1},"minecraft:mined":{"botania:green_mystical_flower":3,"minecraft:crafting_table":3,"minecraft:poppy":2,"minecraft:coal_ore":60,"minecraft:grass":2,"minecraft:grass_block":5,"minecraft:vine":1,"minecraft:melon":2,"minecraft:cocoa":6,"minecraft:jungle_log":7,"minecraft:sand":1,"minecraft:dirt":27,"minecraft:copper_ore":5,"minecraft:bamboo":1,"botania:light_blue_double_flower":1,"minecraft:stone":32,"minecraft:sugar_cane":2,"minecraft:fern":1},"minecraft:custom":{"minecraft:time_since_rest":2482,"minecraft:sprint_one_cm":92335,"minecraft:damage_taken":510,"minecraft:walk_one_cm":107849,"minecraft:mob_kills":12,"minecraft:damage_dealt":1593,"minecraft:open_chest":3,"minecraft:swim_one_cm":7132,"minecraft:interact_with_crafting_table":7,"minecraft:fly_one_cm":412521,"minecraft:deaths":1,"minecraft:crouch_one_cm":837,"minecraft:play_time":48037,"tombstone:undead_killed":2,"minecraft:sneak_time":764,"minecraft:walk_under_water_one_cm":10775,"minecraft:jump":501,"minecraft:sleep_in_bed":1,"minecraft:leave_game":2,"minecraft:time_since_death":22849,"minecraft:walk_on_water_one_cm":46851,"minecraft:climb_one_cm":3267,"minecraft:total_world_time":48037,"minecraft:fall_one_cm":8638}},"DataVersion":3465}