{
  "minecraft:recipes/decorations/crafting_table": {
    "criteria": {
      "unlock_right_away": "2024-05-23 13:25:54 +0000"
    },
    "done": true
  },
  "tombstone:adventure/root": {
    "criteria": {
      "auto": "2024-05-23 13:25:55 +0000"
    },
    "done": true
  },
  "minecraft:adventure/adventuring_time": {
    "criteria": {
      "minecraft:beach": "2024-05-23 13:26:19 +0000",
      "minecraft:stony_shore": "2024-05-23 13:26:21 +0000",
      "minecraft:forest": "2024-05-23 13:25:55 +0000"
    },
    "done": false
  },
  "DataVersion": 3465
}